{
    "Version": 1,
    "Tree": {
        "AzOps": {
            "Core.AllInOneTemplate": false,
            "Core.AutoInitialize": true,
            "Core.AutoGeneratedTemplateFolderPath": "",
            "Core.DefaultDeploymentRegion": "northeurope",
            "Core.EnrollmentAccountPrincipalName": "",
            "Core.ExcludedSubOffer": [
                "AzurePass_2014-09-01",
                "FreeTrial_2014-09-01",
                "AAD_2015-09-01"
            ],
            "Core.ExcludedSubState": [
                "Disabled",
                "Deleted",
                "Warned",
                "Expired"
            ],
            "Core.ExportRawTemplate": false,
            "Core.GeneralizeTemplates": false,
            "Core.IgnoreContextCheck": false,
            "Core.InvalidateCache": true,
            "Core.MainTemplate": "",
            "Core.JqTemplatePath": "",
            "Core.OfferType": "MS-AZR-0017P",
            "Core.PartialMgDiscoveryRoot": ["canary"],
            "Core.SkipPolicy": false,
            "Core.SkipResourceGroup": false,
            "Core.SkipResource": true,
            "Core.SkipRole": true,
            "Core.State": "/home/vsts/work/1/s/azops-canary",
            "Core.SubscriptionsToIncludeResourceGroups": "*",
            "Core.SupportPartialMgDiscovery": true,
            "Core.TemplateParameterFileSuffix": ".json",
            "Core.ThrottleLimit": 10
        },
        "PSFramework": {
            "Message.Info.Maximum": 9
        }
    }
}
